{
    "stage": {
        "name": "scene",
        "objects": [
            {
                "type": "NONE_TYPE",
                "name": "Camera",
                "file_name": "STAGE_1_START",
                "pos": {
                    "pos_0": [
                        7.358891487121582,
                        -6.925790786743164,
                        4.958309173583984
                    ],
                    "pos_1": [
                        7.358891487121582,
                        1.0562047958374023,
                        4.958309173583984
                    ],
                    "pos_2": [
                        5.167749404907227,
                        1.0562047958374023,
                        7.508702278137207
                    ],
                    "pos_3": [
                        -2.6122803688049316,
                        1.0562047958374023,
                        7.508702278137207
                    ],
                    "pos_4": [
                        -6.311241149902344,
                        1.0562047958374023,
                        2.057608127593994
                    ],
                    "pos_5": [
                        -10.309988021850586,
                        1.0562047958374023,
                        4.365447521209717
                    ],
                    "pos_6": [
                        -4.656244277954102,
                        5.939842224121094,
                        4.365447521209717
                    ],
                    "pos_7": [
                        -0.0657573938369751,
                        5.939842224121094,
                        1.8326330184936523
                    ],
                    "pos_8": [
                        -0.0657573938369751,
                        16.999284744262695,
                        5.489847183227539
                    ]
                },
                "angle": {
                    "angle_0": [
                        63.559295654296875,
                        0.0,
                        46.69194412231445
                    ],
                    "angle_1": [
                        63.559295654296875,
                        -0.0,
                        92.09512329101562
                    ],
                    "angle_2": [
                        36.87117004394531,
                        0.9413250684738159,
                        91.871826171875
                    ],
                    "angle_3": [
                        36.87117004394531,
                        0.9413250684738159,
                        -90.89862060546875
                    ],
                    "angle_4": [
                        69.34260559082031,
                        1.2765742540359497,
                        -90.2528076171875
                    ],
                    "angle_5": [
                        69.34260559082031,
                        1.2765742540359497,
                        -90.2528076171875
                    ],
                    "angle_6": [
                        69.34260559082031,
                        1.2765742540359497,
                        -138.06459045410156
                    ],
                    "angle_7": [
                        69.34260559082031,
                        1.2765742540359497,
                        -178.17379760742188
                    ],
                    "angle_8": [
                        69.34260559082031,
                        1.2765742540359497,
                        -178.17379760742188
                    ]
                },
                "sec": {
                    "sec_0": 1.0,
                    "sec_1": 1.0,
                    "sec_2": 1.0,
                    "sec_3": 1.0,
                    "sec_4": 1.0,
                    "sec_5": 1.0,
                    "sec_6": 1.0,
                    "sec_7": 1.0,
                    "sec_8": 1.0
                },
                "wait": {
                    "wait_0": 1.0,
                    "wait_1": 1.0,
                    "wait_2": 1.0,
                    "wait_3": 1.0,
                    "wait_4": 1.0,
                    "wait_5": 1.0,
                    "wait_6": 1.0,
                    "wait_7": 1.0,
                    "wait_8": 1.0
                },
                "posChangeComp": {
                    "posChangeComp_0": 0,
                    "posChangeComp_1": 0,
                    "posChangeComp_2": 0,
                    "posChangeComp_3": 0,
                    "posChangeComp_4": 0,
                    "posChangeComp_5": 0,
                    "posChangeComp_6": 0,
                    "posChangeComp_7": 0,
                    "posChangeComp_8": 0
                },
                "posEaseComp": {
                    "posEaseComp_0": 0,
                    "posEaseComp_1": 0,
                    "posEaseComp_2": 0,
                    "posEaseComp_3": 0,
                    "posEaseComp_4": 0,
                    "posEaseComp_5": 0,
                    "posEaseComp_6": 0,
                    "posEaseComp_7": 0,
                    "posEaseComp_8": 0
                },
                "angleChangeComp": {
                    "angleChangeComp_0": 0,
                    "angleChangeComp_1": 0,
                    "angleChangeComp_2": 0,
                    "angleChangeComp_3": 0,
                    "angleChangeComp_4": 0,
                    "angleChangeComp_5": 0,
                    "angleChangeComp_6": 0,
                    "angleChangeComp_7": 0,
                    "angleChangeComp_8": 0
                },
                "angleEaseComp": {
                    "angleEaseComp_0": 0,
                    "angleEaseComp_1": 0,
                    "angleEaseComp_2": 0,
                    "angleEaseComp_3": 0,
                    "angleEaseComp_4": 0,
                    "angleEaseComp_5": 0,
                    "angleEaseComp_6": 0,
                    "angleEaseComp_7": 0,
                    "angleEaseComp_8": 0
                },
                "IsLoop": false
            }
        ]
    }
}