{
  "Player": {
    "camera": {
      "sensitivity": 1.25
    }
  },
  "StageManager": {
    "scaling": {
      "ground": 311.3999938964844,
      "skydome": 500.54998779296875,
      "woods": {
        "height": 186.0,
        "radius": 309.0
      }
    }
  }
}
