{
  "BasicDraw": {
    "DefaultDrawParam": {
      "BrightMulColor": [
        0.3025548458099365,
        0.9281768202781677,
        0.3993360698223114,
        0.8563535809516907
      ],
      "DarkMulColor": [
        0.39501893520355225,
        0.6850829124450684,
        0.31793901324272156,
        0.4364640712738037
      ],
      "EdgeColor": [
        0.1260034739971161,
        0.530386745929718,
        0.4030395448207855,
        1.0
      ],
      "FillColor": [
        0.988950252532959,
        0.13659539818763733,
        0.13659539818763733,
        0.0
      ],
      "LimBrightColor": [
        0.0,
        1.0,
        0.9171268939971924,
        0.0
      ]
    },
    "Edge": {
      "DepthDifferenceThreshold": 0.25
    },
    "Toon": {
      "BrightThreshold": {
        "Low": 0.6600000262260437,
        "Range": 0.029999999329447746
      },
      "LimThreshold": 0.4000000059604645
    },
    "debuggerSetting": {
      "active": false,
      "customParamActive": true,
      "imageColor": [
        0.3920130133628845,
        0.1807064712047577,
        0.875,
        1.0
      ],
      "textColorFlg": false
    }
  },
  "CameraController": {
    "FollowLerpRate": 0.800000011920929,
    "InitializedParameter": {
      "posOffsetZ": -18.0,
      "xAxisAngle": 0.44999998807907104
    },
    "PosLerpRate": 0.800000011920929,
    "debuggerSetting": {
      "active": false,
      "customParamActive": true,
      "imageColor": [
        0.1879725158214569,
        0.8130200505256653,
        0.9347826242446899,
        1.0
      ],
      "textColorFlg": false
    },
    "gazePointOffset": [
      0.0,
      0.5,
      0.0
    ],
    "posOffsetDepth": {
      "max": -0.10000000149011612,
      "min": -18.0
    },
    "xAxisAngle": {
      "max": 0.5989999771118164,
      "min": 0.1745329201221466
    }
  },
  "DOF": {
    "Config": {
      "Blur": 0.6000000238418579,
      "farPint": 30.0,
      "nearPint": 10.600000381469727,
      "pintLength": 30.0
    },
    "debuggerSetting": {
      "active": false,
      "customParamActive": true,
      "imageColor": [
        0.800000011920929,
        0.800000011920929,
        0.800000011920929,
        1.0
      ],
      "textColorFlg": false
    }
  },
  "Fps": {
    "debuggerSetting": {
      "active": false,
      "customParamActive": false,
      "imageColor": [
        0.800000011920929,
        0.800000011920929,
        0.800000011920929,
        1.0
      ],
      "textColorFlg": false
    }
  },
  "LightManager": {
    "debuggerSetting": {
      "active": false,
      "customParamActive": false,
      "imageColor": [
        0.800000011920929,
        0.800000011920929,
        0.800000011920929,
        1.0
      ],
      "textColorFlg": false
    }
  },
  "OperationConfig": {
    "CONTROLLER": {
      "CameraSensitivity": 0.05999999865889549
    },
    "KEY_BOARD_MOUSE": {
      "CameraSensitivity": 1.7000000476837158
    },
    "debuggerSetting": {
      "active": false,
      "customParamActive": true,
      "imageColor": [
        0.7863483428955078,
        0.8695652484893799,
        0.10396973043680191,
        1.0
      ],
      "textColorFlg": false
    }
  },
  "Player": {
    "camera": {
      "sensitivity": 1.0
    },
    "debuggerSetting": {
      "active": false,
      "customParamActive": true,
      "imageColor": [
        0.864130437374115,
        0.05165998637676239,
        0.05165998637676239,
        1.0
      ],
      "textColorFlg": false
    },
    "moveScalar": 0.5
  },
  "StageManager": {
    "debuggerSetting": {
      "active": false,
      "customParamActive": true,
      "imageColor": [
        0.3099597990512848,
        0.864130437374115,
        0.4123609662055969,
        1.0
      ],
      "textColorFlg": false
    },
    "scaling": {
      "ground": 311.3999938964844,
      "skydome": 500.54998779296875,
      "terrian": 2.3499999046325684,
      "woods": {
        "height": 186.0,
        "radius": 309.0
      }
    }
  },
  "Vignette": {
    "center": [
      0.5,
      0.5
    ],
    "color": [
      0.3015872836112976,
      0.3015872836112976,
      0.3015872836112976,
      0.476190447807312
    ],
    "debuggerSetting": {
      "active": false,
      "customParamActive": true,
      "imageColor": [
        0.800000011920929,
        0.800000011920929,
        0.800000011920929,
        1.0
      ],
      "textColorFlg": false
    },
    "intensity": 0.4000000059604645,
    "smoothness": 0.4000000059604645
  },
  "WaterPaintBlend": {
    "ConstData": {
      "initScale": 6.0,
      "posOffsetMax": 0.20000000298023224
    },
    "MaskInk": {
      "updateSpan": 5
    },
    "debuggerSetting": {
      "active": true,
      "customParamActive": true,
      "imageColor": [
        0.800000011920929,
        0.800000011920929,
        0.800000011920929,
        1.0
      ],
      "textColorFlg": false
    }
  }
}
