{
  "BasicDraw": {
    "DefaultDrawParam": {
      "BrightMulColor": [
        0.28791213035583496,
        0.9265536665916443,
        0.6342940330505371,
        0.8563535809516907
      ],
      "DarkMulColor": [
        0.26869675517082214,
        0.3898305296897888,
        0.33029019832611084,
        0.4364640712738037
      ],
      "EdgeColor": [
        0.2808261215686798,
        0.9378530979156494,
        0.5480912327766418,
        1.0
      ],
      "FillColor": [
        1.0,
        1.0,
        1.0,
        0.0
      ]
    },
    "Edge": {
      "DepthDifferenceThreshold": 3.0
    },
    "Toon": {
      "BrightThreshold": {
        "Low": 0.6600000262260437,
        "Range": 0.029999999329447746
      },
      "MonochromeRate": 0.800000011920929
    },
    "debuggerSetting": {
      "active": false,
      "customParamActive": true,
      "imageColor": [
        0.3920130133628845,
        0.1807064712047577,
        0.875,
        1.0
      ],
      "textColorFlg": false
    }
  },
  "CameraController": {
    "InitializedParameter": {
      "posOffsetZ": -18.0,
      "xAxisAngle": 0.44999998807907104
    },
    "debuggerSetting": {
      "active": true,
      "customParamActive": true,
      "imageColor": [
        0.1879725158214569,
        0.8130200505256653,
        0.9347826242446899,
        1.0
      ],
      "textColorFlg": false
    },
    "gazePointOffset": [
      0.0,
      0.5,
      0.0
    ],
    "posOffsetDepth": {
      "max": -0.10000000149011612,
      "min": -18.0
    },
    "xAxisAngle": {
      "max": 0.5989999771118164,
      "min": -0.5989999771118164
    }
  },
  "DOF": {
    "Config": {
      "Blur": 0.6000000238418579,
      "farPint": 30.0,
      "nearPint": 10.600000381469727,
      "pintLength": 30.0
    },
    "debuggerSetting": {
      "active": false,
      "customParamActive": true,
      "imageColor": [
        0.800000011920929,
        0.800000011920929,
        0.800000011920929,
        1.0
      ],
      "textColorFlg": false
    }
  },
  "Fog": {
    "Color": {
      "fogColor": {
        "far": [
          0.15314602851867676,
          0.4736841917037964,
          0.40861254930496216,
          1.0
        ],
        "near": [
          0.0,
          0.0,
          0.0,
          1.0
        ]
      },
      "useTex": 0
    },
    "Config": {
      "distMax": 35.75,
      "distMin": 0.30000001192092896,
      "intensity": 1.0,
      "opacityMax": 0.800000011920929
    },
    "debuggerSetting": {
      "active": false,
      "customParamActive": true,
      "imageColor": [
        0.800000011920929,
        0.800000011920929,
        0.800000011920929,
        1.0
      ],
      "textColorFlg": false
    }
  },
  "Fps": {
    "debuggerSetting": {
      "active": false,
      "customParamActive": false,
      "imageColor": [
        0.800000011920929,
        0.800000011920929,
        0.800000011920929,
        1.0
      ],
      "textColorFlg": false
    }
  },
  "LightManager": {
    "debuggerSetting": {
      "active": false,
      "customParamActive": false,
      "imageColor": [
        0.800000011920929,
        0.800000011920929,
        0.800000011920929,
        1.0
      ],
      "textColorFlg": false
    }
  },
  "OperationConfig": {
    "CONTROLLER": {
      "CameraSensitivity": 0.05999999865889549
    },
    "KEY_BOARD_MOUSE": {
      "CameraSensitivity": 1.7000000476837158
    },
    "debuggerSetting": {
      "active": false,
      "customParamActive": true,
      "imageColor": [
        0.7863483428955078,
        0.8695652484893799,
        0.10396973043680191,
        1.0
      ],
      "textColorFlg": false
    }
  },
  "Player": {
    "camera": {
      "sensitivity": 1.0
    },
    "debuggerSetting": {
      "active": false,
      "customParamActive": true,
      "imageColor": [
        0.864130437374115,
        0.05165998637676239,
        0.05165998637676239,
        1.0
      ],
      "textColorFlg": false
    }
  },
  "StageManager": {
    "debuggerSetting": {
      "active": false,
      "customParamActive": true,
      "imageColor": [
        0.3099597990512848,
        0.864130437374115,
        0.4123609662055969,
        1.0
      ],
      "textColorFlg": false
    },
    "scaling": {
      "skydome": 5000.0,
      "woods": {
        "height": 1000.0,
        "radius": 1000.0
      }
    }
  },
  "Vignette": {
    "center": [
      0.5,
      0.5
    ],
    "color": [
      0.1349206566810608,
      0.1349206566810608,
      0.1349206566810608,
      0.9254902005195618
    ],
    "debuggerSetting": {
      "active": false,
      "customParamActive": true,
      "imageColor": [
        0.800000011920929,
        0.800000011920929,
        0.800000011920929,
        1.0
      ],
      "textColorFlg": false
    },
    "intensity": 0.4000000059604645,
    "smoothness": 0.4000000059604645
  },
  "WaterPaintBlend": {
    "ConstData": {
      "initScale": 6.0,
      "posOffsetMax": 0.20000000298023224
    },
    "MaskInk": {
      "updateSpan": 5
    },
    "debuggerSetting": {
      "active": false,
      "customParamActive": true,
      "imageColor": [
        0.800000011920929,
        0.800000011920929,
        0.800000011920929,
        1.0
      ],
      "textColorFlg": false
    }
  }
}
