{
  "CameraController": {
    "InitializedParameter": {
      "Angle_X": -2.5,
      "DistanceToTarget": 16.049999237060547,
      "GazePoint": {
        "Distance": 10.149999618530273,
        "Height": 0.8999999761581421
      }
    },
    "debuggerSetting": {
      "active": true,
      "customParamActive": true,
      "imageColor": [
        0.800000011920929,
        0.800000011920929,
        0.800000011920929,
        1.0
      ],
      "textColorFlg": false
    }
  },
  "OperationConfig": {
    "debuggerSetting": {
      "active": false,
      "customParamActive": false,
      "imageColor": [
        0.800000011920929,
        0.800000011920929,
        0.800000011920929,
        1.0
      ],
      "textColorFlg": false
    }
  },
  "Player": {
    "camera": {
      "sensitivity": 2.75
    },
    "debuggerSetting": {
      "active": true,
      "customParamActive": true,
      "imageColor": [
        0.864130437374115,
        0.05165998637676239,
        0.05165998637676239,
        1.0
      ],
      "textColorFlg": false
    }
  },
  "StageManager": {
    "debuggerSetting": {
      "active": false,
      "customParamActive": true,
      "imageColor": [
        0.3099597990512848,
        0.864130437374115,
        0.4123609662055969,
        1.0
      ],
      "textColorFlg": false
    },
    "scaling": {
      "ground": 311.3999938964844,
      "skydome": 500.54998779296875,
      "woods": {
        "height": 186.0,
        "radius": 309.0
      }
    }
  }
}
