{
  "Player": {
    "camera": {
      "sensitivity": 3.049999952316284
    },
    "debuggerSetting": {
      "active": true,
      "customParamActive": true,
      "imageColor": [
        0.8478261232376099,
        0.041469771414995193,
        0.041469771414995193,
        1.0
      ],
      "textColorFlg": false
    }
  },
  "StageManager": {
    "debuggerSetting": {
      "active": false,
      "customParamActive": false,
      "imageColor": [
        0.07407845556735992,
        0.717391312122345,
        0.19295141100883484,
        1.0
      ],
      "textColorFlg": false
    },
    "scaling": {
      "ground": 311.3999938964844,
      "skydome": 500.54998779296875,
      "woods": {
        "height": 186.0,
        "radius": 309.0
      }
    }
  }
}
